Broadcast sin liste over musikkfestivaler i Norge 2026.xlsx : Broadcast sin liste over musikkfestivaler i Norge 2026
A B c
— Kontakt stine&broadcast events 958 66 985 for mer informasjon
> Broadcast sin liste over norkse musikkfestivaler i Norge 2026 Region
3 100 dagar (Stord) [| TT] 3 Mar
4 2830 Sommertestivalen (Raufoss) |] 6 Jun
5 ASDF Halden 9Sep
4. Ålesund Gatefestival | Asuma] 9Sep
7 Ålesund Kammermusikkfestival | Asuma | 2Feb
8. All Ears Festivalen Oslo 1 Jan
9 Alperocken(Øsfjord) |] 7 Jul
10 AltaLive (Alta) Alta 8 Aug
11. Alvik Rock (Alvik) |] 9Sep
12 American festival (Farsund) | 6 Jun
Setene ETE
14. Ankerfest (Kulleseidkanalen Gjestehamn) | TT] 6 Jun
15. ANT Arrangørkonferansen - Arrangørnettverk Trøndelag | 0] 3 Mar
16 Arendalsuka Arendal 8 Aug
17 Amemoen (Ringebu) - mulig avviklet |] 6 Jun
| pene — |
19 AsaneFest Bergen 9Sep
20. Asker Live (Asker) |] 8 Aug
21 Audunbakken (Odalen) | TT] 8 Aug
2 Boamstena — Ea
23. Bajazzfestivalen Bergen 0 oa |
24 BAKgården (Harstad) |] 8 Aug
25. Bakgården Live (Mosjøen) | TT] 9Sep
26. Bakgårdsfestivalen (Levanger) | TT] 7 Jul
27. Balestrand Badeklubb Festival | I] 8 Aug
28. Barents spektakel (Kirkenes) | 0] 2Feb
29. Beatlesfestivalen Bergen 5 mo |
30. Bergen Internasjonale Musikkfestival Bergen 9Sep
31 Bergen International Organ Festival Bergen 6 Jun
3 Bergen kirkeautunnale Bergen 9Sep
33. Bergenfest Bergen 6 Jun
34 Bergtattfestivalen (Luster) |] 8 Aug
35. Beskån Luossa Rock (Karasjok) | 6 Jun
3% Beyond The Gates Bergen 7 Jul
27. Bjørnsonfestivalen Molde / Kr Sund 9Sep
5 Jnaresteanen Fogn) | TE
39. Blømingsfestivalen (Kinsarvik) | 0] 5 May
40 Blow Out Festivalen Oslo 8 Aug
% fonestvnemanet Varde) | OT
42. Blues in Hell (Hell) Trondheim 8 Aug
43. Bodø Jazz Open Bodø 1 Jan
44 Bodøfestivalen Bodø ”
45 Borealis Bergen 3 Mar
46. Brynerocken (Bryne) |] 9Sep
47. Bugøynesfestivalen (Bugøynes) | 0] 7 Jul
4 Buktafestivalen Tromsø 7 Jul
4 bylam Oslo 9Sep
50. BYfesten 2025 (Hammerfest) |] 7 Jul
5 Byfjordfestivalen Bergen 8 Aug
52 Bygdalarm (Nordheimsund) |] 7 Jul
53 Bygderampen Moss 5 May
54. Bykalas (Haugesund) | TT] 6 Jun
55 Bysommer Oslo 7 Jul
56 CAERIMONIA NIDROSIÆ PT. 3 Trondheim 1 Jan
57. Canal Street (Arendal) Arendal 7 Jul
58. Chrisfestivalen (Kjøllefjord) |] 6 Jun
59 Codstock (Henningsvær) | TT] 6 Jun
40. Coming Home Countryfestival (Grimstad) [|]
4 Dalane Bluesfestival (Egersund) Stavanger 6 Jun
43. De små scener (Kongsvinger) | TT] 6 Jun
44. Den forvitnelege countryfestivalen (Voss) | 0] 9Sep
45. Den lille bluesfestivalen (Madam Felle) Bergen 3 Mar
4 Desertfest Oslo 5 May
4  Djangofestivalen Oslo 1 Jan
Em Ho |
—— [ae | 1]
7 Dragefjellet Minifestival (Bergen) Bergen 8 Aug
7 Drammen Jazzfestival Drammen 1 Jan
72 Drammen Metalfest Drammen 9Sep
73 Dråpefestivalen Trondheim 8 Aug
74 Drøbak Havnefestival |] 7 Jul
75 Drøbakfestivalen | TT] 6 Jun
76 Eddemannak (Varangerbotn) | I] ”
77 Egersund Visefestival (Tideless 2026) | 8 Aug
78 Eggstockfestivalen Bergen 9Sep
79 Eiker Rock (Drammen) Drammen 5 May
80. Ekkofestivalen Bergen [ Hav |
81 Ekstremsportveko i Voss |] 6 Jun
£2. Elvebris (Elverum) | 6 Jun
83. Elvefestival (Drammen) Drammen 8 Aug
84 Engelsviken Brygge Festivalen Fredrikstad 7 Jul
8. Farsund Folk Festival (Farsund) [|] 8 Aug
87 Feelings Bergen 8 Aug
88. Festi Valen (Kvinnherad) |] 5 May
89. Fest Vest (Sagvåg) | TT] 6 Jun
90. Festidalen (Uskedalen) | TT] 6 Jun
91 Festival Bohem (Kongsvinger) | TT] 2Feb
9 Festivali Hagen (Lørenskog) | TT] 6 Jun
93. Festivalen Sin (Moss) | 0] 8 Aug
94 Festningen Trondheim 9Sep
95 Festspela i Geiranger |] 9Sep
9% Festspillene Helgeland (Helgeland) |] 6 Jun
% Festspillene i Bergen Bergen 5 May
9. Festspillene i Elverum [0] 8 Aug
9 Festspillene i Kristiansund Molde / Kr Sund 9Sep
100. Festspillene i Nord-Norge (Harstad) |] 6 Jun
101 Findingsfestivalen Oslo 8 Aug
102 Finnsnesi fest (Finnsnes) |] 7 Jul
103. Fjellparkfestivalen (Flekkefjord) | 7 Jul
104. Fjord Cadenza | TT] 8 Aug
105. Fjord Classics (Sandefjord) | I] 6 Jun
106. Fjordbrøl (Herefoss) | TT] 6 Jun
107 Fjordfesten (Sandefjord) | 0] 7 Jul
108 Fjording (Halden) Halden 4 Apr
109. Fjordjazzfestivalen (Sandefjord) Sandefjord 4 Apr
10. Fløyveifestivalen (Moi) | 0] 5 May
111. Folkelarm Oslo [hav |
112 Folkemusikkveka (Ål) |] 5 May
113. Førdefestivalen (Førde) | 0] 7 Jul
114. Fornebu music and arts festival (FOMA) Oslo 6 Jun
115 Framfestivalen (Nesodden) Oslo 9Sep
116. Fredvika (Gjøvik) |] 6 Jun
17. Fres (Fresvik) | TT] 7 Jul
18. Frøyafestivalen (Frøya) | 0] 8 Aug
19. Frysjastock Oslo 9Sep
120 Gamalostfestivalen (Vik i Sogn) |] 6 Jun
121 Gamlebyen Gatefestival Oslo 8 Aug
122 Gamlebyen Jazzfestival Fredrikstad 8 Aug
123. Garasjefestivalen (Reinsvoll) 1] m
124. Gatafestivalen (Fauske) |] 7 Jul
125 GBfestivalen (Birkeland, Birkenes, Agder) | 0] ”
126 Ghana Norway Music and Culture Festival Oslo 9Sep
127. Gjerstad Pønkråkkfestival [0] 8 Aug
128 Globus Matfestival Drammen 9Sep
129 Glogerfestspillene (Kongsera) Kongsberg 1 Jan
130. Gloppen musikkfest (Sandane) |] 9Sep
131 Goroso festivalen (Nordreisa) | 0] 7 Jul
132 Gras og rotfest Trondheim 8 Aug
133. Grenseløs vår (Kirkenes) |] 4 Apr
134. Grenseløsfestivalen (Kirkenes) | 9Sep
135 Gressvik Summerparty Fredrikstad 8 Aug
136 Griegin Bergen Bergen 8 Aug
127. Grieg International Choir Festival Bergen 9Sep
138 GRLPWR FSTVL Fredrikstad 5 May
139. Gudbrandsdal Musikkfest |] 9Sep
140. Gypsymusic festival Yagori Oslo 9Sep
141 Hærverki Parken Oslo 6 Jun
142. Hagefestivalen (Sandefjord) [0] 6 Jun
143. Hagefestn Tromsø 8 Aug
144. Hagenfest (Åkrehamn) |] 8 Aug
145 Haikjeften (Narvik) | 0] 8 Aug
146. Halden Internasjonale Musikkfilm Festival Halden mo |
147. Halden litteraturfestival Halden 2Feb
142 Halvøya Kristiansand 6 Jun
149. Halvøyen Bergen 9Sep
150 Hardanger Musikkfest |] 8 Aug
151. Hardstyle DNA Outdoor Festival Oslo 8 Aug
152. Hårfestefestivalen (Rennesøy) |] 8 Aug
5 Jiang å rock Festva Fingesin Or
154. Havblikk (Florø) | TT] 6 Jun
155. Havgapsrock (Haramøy) | 0] 7 Jul
P—
157. Havstrøm Oslo 3 Mar
så kommet mm]
159. HEIM (Hasselvika) Trondheim 7 Jul
160. Heimover - Åmli Musikkfestival (Amli) |] 6 Jun
161. Hellbotn Metalfest (Kolbotn) | TT] 8 Aug
162. Helt på Vidda (Geilo) | TT] 8 Aug
163. Heme dine (Engerdal) | TT] 7 Jul
164 Hemnesjazz (Hemnes) |] 8 Aug
165. Herfrafestivalen (Sokna) | 7 Jul
16. Hilmarfestivalen (Steinkjer) EET
147. Hjertebankfestivalen Bodø 6 Jun
168. Hjort & Country (Siljanhjort) |] 6 Jun
149. Høllafæst (Svolvær/L ofoten) | TT] 7 Jul
170. Horten Kammermusikkfest | TT] 6 Jun
171 Høstsabbat Oslo oa |
7 Tast ts) - ME
173. HOTIHOTIHOT! Bergen 9Sep
174. Hove Rock Festival (Tromøya) [0] 6 Jun
175. Høydenfestivalen Bergen ”
176 Huinndagan (Vestreålen) |] 7 Jul
177. Hunsfest (Vennesla) | 0] 6 Jun
178. Hva Skjer Oslo Festivalen Oslo 6 Jun
179 Idyllfestivalen Fredrikstad 6 Jun
180. ILIOS-festivalen (Harstad) |] 1 Jan
181 INZIT Internasjonale Dansefestival Molde / Kr Sund oa |
182. Indiefjord (Bjørke) |] 7 Jul
183. Inferno Metal Festival Oslo 4 Apr
184. Innpuls- Innlandets Musikkfestival (Gjøvik) | 0] 3 Mar
185 Insomnia festival Tromsø | mor |
18 Interstate Oslo 2Feb
187 Into Campus - Oslo Oslo 8 Aug
188 Into Campus Bergen Bergen 8 Aug
199 Isfit Trondheim 3 Mar
190. Iskald Metalfest (Alta) Alta 2Feb
194 Jærnåttå (Bryne) Stavanger 5 May
192 Jazzfest Trondheim 5 May
193. Jeløyafestivalen (Moss) |] 7 Jul
194. Johan Halvorsen Musikkfest (Drammen) Drammen 4 Apr
195. Jordeplerock (Lærdal) |] 6 Jun
19%. Jørn Hilme-stemnet (Fagernes) | 0] 7 Jul
197 Juba Juba Trondheim 5 May
198 Jugend | Asuma] 8 Aug
199 Jungelfest Bergen 4 Apr
200 Juninatt (Skien) |] 6 Jun
201 Justivalen Oslo 8 Aug
202. Kaktus Halden 5 May
203. Kalottspel (Målselv) [0] 8 Aug
204. Kammermusikkfestivalen Stavanger 8 Aug
205. Kanaldagane (Bømlo) |] 9Sep
206. Kanalrock (Horten) | TT] 7 Jul
207. Karlsøyfestivalen (Karlsøy) | 7 Jul
208 Karmøygeddon Metal Festival (Kopervik) Karmøy 4 Apr
209. Katapult Future Fest Oslo ”
210. Kirsten Flagstad Festival (Hamar) |] 6 Jun
211. Kokelv Live (Kokelv) | 0] 7 Jul
212 Kon-Tiki Kammermusikkfestival Oslo 6 Jun
213. Kongsberg Jazzfestival Kongsberg 7 Jul
214. Kønnbandfestivalen (Stange) |] ”
215 Kopervik Festival | 5 May
216. Kråkeslottfestivalen (Senja) | 0] 6 Jun
27. Kristiania LIVE Oslo 4 Apr
218. Kristiansand Fuzzfest Kristiansand |]
219. Kristiansand Jazzfestival Kristiansand 8 Aug
220 Kristiansand Vinfestival Kristiansand 3 Mar
221. Kryssover Jazzfest (Moss) |] 2Feb
222. Kubafestivalen (Svolvær/Lofoten) | 7 Jul
223. Kulturdøgn Soon (Son) | 0] 8 Aug
224 Kultumatt i Halden Halden 9Sep
225 Kultumatt Trondheim Trondheim 9Sep
226 Kultumatta Tromsø Tromsø 5 oa |
227 Kutturytring Drammen 6 Jun
228. Kunesdagan (Kunes) |] 7 Jul
229. Kystkulturuka (Furøya, Tvedestrand) |] 7 Jul
230. Laarfest (Drammen) Drammen 4 Apr
251 Laavfest |] 6 Jun
232 Lake's On Fire (Lillehammer) | 0] ”
233. Langs Akerselva Oslo 8 Aug
oe Jrakoma areter) DE
235 Legend Metalfest Trondheim 9Sep
23% Lilleaker Live Oslo ”
237 Lillehammer Live (Lillehammer) |] 9Sep
238. Lillehammer Rock Festival | 5 May
239. Lilyhammericanafestivalen (Lillehammer) | ho |
20. LiveiMarka Oslo 8 Aug
241. Liverpoolfestivalen (Gjøvik) |] 7 Jul
242. Livestock (Alvdal) | 0] 7 Jul
243. Ljøsblått Oslo [Hov |
244. Løddepønk Wakestockfestival (Arendal) |] 7 Jul
245. Lofoten Internasjonale Kammermusikkfest | 0] 7 Jul
246. LOVE & MERCY-fest Oslo 4 Apr
247 Lyse Netter (Moss) |] 6 Jun
248. Mablis Stavanger 6 Jun
249 Maijazz Stavanger 5 May
250. Main Street Music Festival / Lyden av Innlandet (Lillehammer) | 0] 3 Mar
251 Måkeskrik Kristiansand 7 Jul
252 Malakoff Rockfestival Nordfjordeid 7 Jul
253. Målrock (Årdal) |] 6 Jun
254. Malstrømfestivalen (Hønefoss) | TT] 7 Jul
255 Mandaljazz (Mandal) | 6 Jun
256 Månefestivalen Fredrikstad 7 Jul
257 Markomeannu (Evenes) |] 7 Jul
258. MC Rock Fest (Eidsskog) | 1] 5 May
259. Midgardsblot (Horten) | TT] 8 Aug
240. Midnattrocken (Lakselv) | TT] 7 Jul
24 Midsundfestivalen (Midsund) | 7 Jul
262 Midtåsen Kulturfestival (Sandefjord) | 0] 7 Jul
263. MiniØya Oslo 6 Jun
244. Mjøsparken Live (Brumunddal) |] 6 Jun
265. Molde Mundo (Molde) Molde / Kr Sund oa |
266 Moldejazz Molde / Kr Sund 7 Jul
247 Mono-log festivalen (Stord) |] 2Feb
268. Monument Festival (Numedal) | I] ”
5 Jvorumentesne Venn —
270. Morellfestivalen (Lofthus/Ullensvang) |] 7 Jul
271 Morodalsfestivalen (Sagstua) | TT] 6 Jun
272 Mossfest (Moss) | 0] 3 Mar
273. Motvind i Middelalderskogen (Numedal) | 6 Jun
274. Munkehagen festivalen Stavanger 7 Jul
275. Music Tech Conferene Bergen (MTCB) Bergen 6 Jun
276 Musikkfest Oslo 6 Jun
277 Musikkfest Rogaland Stavanger 6 Jun
278. Musikkfest Tromsø Tromsø 8 Aug
279. Mylderfestivalen (Hamar) |] 6 Jun
280. Namnefestivalen (Voss) | I] 8 Aug
251 Namsosfestivalen | 0] 5 May
282. Nattjazz Bergen 5 May
283. Neon festivalen Trondheim 8 Aug
284. Nesodden jazzfestival Oslo 5 May
285 Nesset Musikkfest Molde / Kr Sund 6 Jun
286 NidaRock Trondheim 2Feb
287 Nidaros Blues Trondheim ”
288 Nordaførr Oslo 2Feb
289 Nordic Wind Festival Oslo [Hav |
290 Nordiske Mediedager Bergen 5 May
291 Nordland Musikkfestuke [0] 8 Aug
292 Nordlysfestivalen Tromsø 1 Jan
293. Norsk Countrytreff (Breim) |] 7 Jul
294 Norway Global Piano Festival Oslo 8 Aug
295 Notodden Blues Festival |] 7 Jul
29% NOVAFest Oslo 5 May
297. Nyege Nyege Remix Oslo Oslo 6 Jun
298. Odal Rock Festival (Austvatn ) |] 7 Jul
— — ME
300 Oktoberfest Oslo | mor |
301 Olavsfest Trondheim 7 Jul
302. Oldervik Countryfestival Tromsø 8 Aug
303. Omstock (Husnes) [0] 6 Jun
304 Ond Sirkel Stavanger 2Feb
305 Only Connect Oslo Oslo 4 Apr
306. Only Connect Stavanger Stavanger 4 Apr
307 Only Connect Trondheim Trondheim 4 Apr
308. Operafest (Røykenvik) |] 6 Jun
309. Operafest Røykenvik | TT] 6 Jun
30. Operafestukene i Kristiansund | 0] 2Feb
211 Oppå Borgen Halden 8 Aug
32 Opptur Bodø 7 Jul
313. Orgelfest Trondheim Trondheim [ Hav |
314. Orgivm Satanicvm IV Oslo 1 Jan
sv odmaoeg — > |
316. Oslo African Pilgrimage Oslo 6 Jun
317 Oslo Classics Oslo ”
318. Oslo Deathfest Oslo [Hav |
319. Oslo Fjord Opera Festival Oslo 8 Aug
320. Oslo Hard Rock Festival Oslo ”
321. Oslo Humorfest Oslo |]
322. Oslo Intemasjonale kirkemusikkfestival Oslo 3 Mar
323. Oslo Jazzfestival Oslo 8 Aug
324. Oslo Kammermusikkfestival Oslo 8 Aug
225 Oslo kultumatt Oslo 9Sep
326. Oslo Mela Oslo 8 Aug
327 Oslo Operafestival Oslo 9Sep
328. Oslo Orgelfestival Oslo 5 oa |
329 Oslo Piano Festival Oslo ”
330 Oslo Pride Oslo 6 Jun
331 Oslo Rock Fest Oslo oa |
332. Oslo Swingjazz festival Oslo 8 Aug
333. Oslo World Oslo 5 oa |
334 OverOslo Oslo 6 Jun
335 Øyafest (Søre Øyane) |] 7 Jul
33% Øyafestivalen Oslo 8 Aug
337 Øyhopp Stavanger 8 Aug
338 Palmesus Kristiansand 6 Jun
339. Parkenfestivalen Bodø 8 Aug
340. Påskefestivalen (Karasjok) | 0] 4 Apr
341 PIPFest/ Pikniki Parken Oslo 6 Jun
342. Podium - Fartein Valen Internasjonale Musikkfest (Haugesund) |] 6 Jun
343. Poesifestivalen (Ulvik) |] ”
344. Pomorfestivalen (Vardø) |] 7 Jul
345. Porsgrunn ska og reggae | TT] 8 Aug
346. Positive Døgn (Odda) | TT] 6 Jun
27 Pstereo Trondheim 8 Aug
348 Punkt Kristiansand 9Sep
349. Rabalder Spektakel (Kirkenes) barnefestival |] 2Feb
350. Rabalderfestivalen Molde Molde / Kr Sund 6 Jun
351 Rabalderfestivalen Tromsø Tromsø 6 Jun
352 Rakettnatt Tromsø 8 Aug
354. Ranglerock (Bryne) | TT] 6 Jun
355 Raumarock (Åndalsnes) | 0] 7 Jul
356 Ravnedalen Live Kristiansand 8 Aug
357 Reconciliation Festival Stavanger 8 Aug
358. Rekordfestivalen (Hovden) [0] ”
359 Relentfest Trondheim 3 Mar
30 Rena Song Fest |] 6 Jun
361 Riddu Riddu (Kåfjord) | TT] 7 Jul
32. Risør kammermusikkfest | TT] 6 Jun
363. Rivera Rock (Larollen) | TT] 8 Aug
364 Riviera Rock Moss ”
365. Rock Høyenhall Oslo 8 Aug
54 fosmatn aienes DE
37. Rockholm (Harstad) | 0] 7 Jul
38. RockOut-festivalen Bergen | mor |
39. RockStream Festival (Ramnes) |] 7 Jul
370. Rondaståk (Gålå) | TT] 6 Jun
271 Rootsfestivalen (Brønnøysund) | TT] 7 Jul
372 Rosendal Kammermusikkfestival (Kvinnherad) | TT] 8 Aug
373. Rossfjordrocken (Rossfjord) | 0] 6 Jun
374 Ruller Hardt Bergen 9Sep
375. Samisk påskefestival (Kautokeino) |] 4 Apr
37%. Sånafest (Vestby) | 6 Jun
377 Sarpsborg Festivalen | I] 9Sep
378. Seinsommarfest (Hareid) | TT] 8 Aug
379. Seinsommer (Kvaløyvågen ) | TT] 8 Aug
380 Seljord Countryfestival | 7 Jul
381. Senja Bamefestival | 0] 6 Jun
382 Serendip Oslo 2Feb
383. Setesdal Folkemusikkfestival (Setesdal) |] 8 Aug
384 Sildajazz (Haugesund) |] 8 Aug
385 Skaidi festival (Skaidi) | 0] 4 Apr
386 Skånevik Bluesfestival |] 7 Jul
387 Skeikampenfestivalen | TT] 8 Aug
38. SkenLive | TT] 8 Aug
390 Slottsfjell Tønsberg 7 Jul
391 Smalahovesleppet (Voss) |] 9Sep
5 oreiemdetieg Å |
393. SMELTIVALEN Oslo 4 Apr
394 Soddjazz (Inderøy) |] 4 Apr
295 Sommarljom (Ørsta) | 0] 8 Aug
396 Sommerbris Kristiansand 6 Jun
297 Sommerfest Trondheim 6 Jun
398. Sommerfest i Bjørkvika |] 6 Jun
299. Sommerfesten på Giske | Asuma | 6 Jun
400 Sommernatt Tromsø Tromsø 6 Jun
401 SørøyRocken (Sørøya) [0] 7 Jul
402 Sørveiv Kristiansand 4 Apr
403. Southern Discomfort Metal Festival Kristiansand | po |
404. Spetakkel Festivalen (Larvik) Larvik I Hov |
405 Spirefest | Asuma] 9Sep
406 Spomesfestivalen (Arendal) Arendal 7 Jul
fr Jopetresieen enes) TY
408 Spydeberg Rock | 0] 5 May
409. Staupshaugen Live (Levanger) |] 8 Aug
40. Stavanger International Piano Festival Stavanger 3 Mar
41. Stavanger kammermusikkfestival Stavanger 8 Aug
412. Stavemfestivalen (Stavern) |] 7 Jul
413. Steinkjerfestivalen Trondheim 6 Jun
414 StettevikFestivalen (Skodje) |] 5 May
415 Stiftelsen Kjell Holm | I] ”
416. Stoppested Verden (Hamar) | TT] 6 Jun
417. Strandfestivalen (Refvik) | TT] 7 Jul
418 Strynefestivalen (Stryn) | 0] 6 Jun
419. Studentfestivalen Studio Oslo 8 Aug
420. Sundreball (Al) |] 1 Jan
421. Sunnmøre Kammermsuikkfestival (Volda) | 9Sep
422 Sunshine Winter Festival (Honningsvåg) | TT] 1 Jan
423. Sus & Dus (Odda) | TT] 8 Aug
424. Svartistestivalen (Mo i Rana) | TT] 7 Jul
425. Svelvikdagene (Selvik) | TT] 8 Aug
PE——— | ma
47 Tahitifestivalen Molde / Kr Sund ”
428. Tahitifestivalen (Kristiansund) |] 6 Jun
429 Telemarkfestivalen | TT] 8 Aug
431 Terrassejazz (Evje) | 0] 5 May
432 Thalassic Bergen ”
433. Tjuven Musikkfest (Hamar) |] 8 Aug
434 Tonsof Rock Oslo 6 Jun
fs frastsneskqieng DE
436 Trænafestivalen (Træna) |] 7 Jul
437 Trandalrock (Trandal) | TT] 6 Jun
438. Treskofestivalen (Hovsheard) | TT] 6 Jun
439 Treungenfestival (Treungen) | TT] 7 Jul
440. Trevarefest (Henningsvær/Lofoten) | 7 Jul
441 Trøkkn' Truck festival (Førde) | 7 Jul
442 Trollkaukfestivalen (Åndalsnes) | 7 Jul
443. Trollrock (Beitostølen) | 0] 7 Jul
444 Tromsø countryfestival Tromsø 7 Jul
445. Tromsø internasjonale kirkefestival Tromsø | mo |
446. Tromsø Jazzfestival Tromsø 8 Aug
447 Tromsø world festival Tromsø 5 oa |
448 Trondheim Calling Trondheim 1 Jan
449 Trondheim Kammermusikkfestival Trondheim 9Sep
450. Trondheim Punkfestival Trondheim 5 May
451 Trondheim Rocks Trondheim 6 Jun
452 Tysilfestivalen |] 8 Aug
453 Tullinfest Oslo 9Sep
454 Tundra and Lightning Bergen 5 oa |
455 Tynset jazzfestival |] 8 Aug
456 Tysnesfest (Tysnes) | 0] 7 Jul
457 UKA Trondheim mo |
4 ak — mm
459 Uttimafestivalen Oslo 9Sep
460. Utafor (Siggerud) |] 5 May
441 Utfør Blårock Tromsø 8 Aug
462. Utihavet (Mausund) |] 7 Jul
443. Utkant (Anneland) | 0] 7 Jul
464 Utopia Stavanger 8 Aug
465 Valdres Sommersymfoni |] 6 Jun
446 Valo Rock (Vadsø) | 5 May
467 Vangenfestivalen (Haugesund) | TT] 8 Aug
448. Varangerfestivalen (Vadsø) | TT] 8 Aug
469 Vårlyd (Lakselv) | 6 Jun
470. Varmere Våtere Villere Bergen 3 Mar
4 Vårslepp | Asuma] 4 Apr
472 Vaulen Open Air Stavanger 6 Jun
473. VEKA (Volda) |] 2Feb
474. Verdens Nordligste bryggefestival (Skarsvåg) | 7 Jul
475. Verket (Mo i Rana) | TT] 8 Aug
476. Vervenfestivalen (Horten) | Hoen | 6 Jun
477 Vestafor (Kvinnherad) | 0] 5 May
478 VGJista Oslo 6 Jun
479. Vikedal Roots Music Festival |] 7 Jul
40 Vill Vill Vest Bergen [ Hav |
481 Vinjerock (Jotunheimen) |] 7 Jul
482 Vinterfestuka i Narvik | 0] 3 Mar
483. Vinterjazzfestivalen Fredrikstad 3 Mar
484. Vinterlysfestivalen (Mo i Rana) |] 2Feb
fs Jimeysteetaen (Mogen) FT
486. Vintertreffet (Vaksdal) | TT] 2Feb
487 Vossa Jazz (Voss) | 0] 3 Mar
488. Vulkan Open Air Oslo 8 Aug
489 Warriors of Steel Festival | Asuma] 5 May
490 We Låve Rock Festival (Asker) Oslo 4 Apr
491 Working Class Hero Drammen 8 Aug
492 X9 Festivalen (Volda) [0] 4 Apr
493. Ypsilon (Drammen) Drammen 8 Aug
Broadcast sin liste over musikkfestivaler i Norge 2026 I
